INSERT INTO `seller` VALUES
('SEL001', 'PT. Bukan Maen'),
('SEL002', 'PT. Samudra Jaya'),
('SEL003', 'PT. Pete');

INSERT INTO `fish` VALUES
('FI00001', 'SEL001', 'Guppy Blue Orange', 'Freshwater Fish', 'Guppy', 
'Europe',  'Blue Orange',1 , 5000, 5, 'fish_pic/guppy_1.jpg', 40),
('FI00002', 'SEL001', 'Molly Yellow', 'Freshwater Fish', 'Molly', 
'Australia',  'Yellow',2, 4000, 4, 'fish_pic/molly_1.jpg', 30),
('FI00003', 'SEL002', 'Betta Light Blue', 'Freshwater Fish', 'Betta', 
'Java',  'Light Blue',3, 2000, 2, 'fish_pic/cupang_1.jpg', 50),
('FI00004', 'SEL003', 'Manfish White', 'Freshwater Fish', 'Manfish', 
'Australia',  'White Silver',4, 3000, 3, 'fish_pic/manfish_1.jpg', 80),
('FI00005', 'SEL001', 'Lemon Yellow', 'Freshwater Fish', 'Lemon', 
'America',  'Yellow',6, 1000, 3, 'fish_pic/lemon_1.png', 90),
('FI00006', 'SEL001', 'Black Ghost', 'Freshwater Fish', 'Ghost', 
'Africa',  'Black',2, 90000, 1, 'fish_pic/black_ghost_1.jpg', 100),
('FI00007', 'SEL003', 'Discus Cyan', 'Freshwater Fish', 'Discus', 
'America',  'Cyan',1, 8000, 3, 'fish_pic/discus_1.jpg', 20),
('FI00008', 'SEL002', 'Platy Orange', 'Freshwater Fish', 'Platy', 
'America',  'Orange',3, 6000, 2, 'fish_pic/platy_1.jpg', 25),
('FI00009', 'SEL003', 'Mas Koki Yellow', 'Freshwater Fish', 'Mas Koki', 
'Sumatra',  'Yellow White',2, 10000, 3, 'fish_pic/mas_koki_1.jpg', 70),
('FI00010', 'SEL001', 'Arwana Super Red', 'Freshwater Fish', 'Arwana', 
'Borneo', 'Red', 3, 7000, 1, 'fish_pic/arwana_1.png', 55),
('FI00011', 'SEL001', 'Koi Red White', 'Freshwater Fish', 'Koi', 
'Sumatra', 'Red White', 8, 15000, 2, 'fish_pic/koi_1.jpeg', 120),
('FI00012', 'SEL002', 'Louhan White', 'Freshwater Fish', 'Louhan', 
'Sulawesi', 'White Red', 12, 21000, 3, 'fish_pic/louhan_1.jpg', 150),
('FI00013', 'SEL003', 'Botana Blue', 'Saltwater Fish', 'Botana', 
'Carribean',  'Blue Black',12 , 50000, 5, 'sw_fish_pic/botana_blue_1.jpg', 20),
('FI00014', 'SEL003', 'Butterfly', 'Saltwater Fish', 'Butterfly', 
'Carribean',  'Yellow White',9 , 150000, 5, 'sw_fish_pic/butterfly_1.jpg', 70),
('FI00015', 'SEL001', 'Angelfish Biru', 'Saltwater Fish', 'Angelfish', 
'Europe',  'Blue Yellow',6 , 45000, 3, 'sw_fish_pic/angelfish_1.jpg', 80),
('FI00016', 'SEL001', 'Nemo', 'Saltwater Fish', 'Clownfish', 
'Australia',  'Orange',10 , 500000, 4, 'sw_fish_pic/nemo_1.jpg', 170),
('FI00017', 'SEL002', 'Lionfish Merah', 'Saltwater Fish', 'Lionfish', 
'Carribean',  'Red',12 , 850000, 5, 'sw_fish_pic/lionfish_1.jpg', 250),
('FI00018', 'SEL002', 'Kakatua Biru', 'Saltwater Fish', 'Kakatua', 
'Karimun Java',  'Cyan',5 , 30000, 3, 'sw_fish_pic/kakatua_1.jpg', 30);

INSERT INTO `fish_detail` VALUES
('FI00001', 'desc1_1', 'desc2_1',
'desc3_1', 'desc4_1', 'desc5_1',
'fish_pic/guppy_1.jpg', 'fish_pic/guppy_2.jpg', 
'fish_pic/guppy_3.jpg', 'fish_pic/guppy_4.jpg', 
'fish_pic/guppy_5.jpg'),
('FI00002', 'desc1_2', 'desc2_2',
'desc3_2', 'desc4_2', 'desc5_2',
'fish_pic/molly_1.jpg', 'fish_pic/molly_2.jfif', 
'fish_pic/molly_3.jfif', 'fish_pic/molly_4.jfif', 
'fish_pic/molly_5.jpg'),
('FI00003', 'desc1_3', 'desc2_3',
'desc3_3', 'desc4_3', 'desc5_3',
'fish_pic/cupang_1.jpg', 'fish_pic/cupang_2.jpg', 
'fish_pic/cupang_3.jpg', 'fish_pic/cupang_4.jpg', 
'fish_pic/cupang_5.jpg'),
('FI00004', 'desc1_4', 'desc2_4',
'desc3_4', 'desc4_4', 'desc5_4',
'fish_pic/manfish_1.jpg', 'fish_pic/manfish_2.jpg', 
'fish_pic/manfish_3.jfif', 'fish_pic/manfish_4.jpg', 
'fish_pic/manfish_5.jpg'),
('FI00005', 'desc1_5', 'desc2_5',
'desc3_5', 'desc4_5', 'desc5_5',
'fish_pic/lemon_1.png', 'fish_pic/lemon_2.png', 
'fish_pic/lemon_3.jfif', 'fish_pic/lemon_4.png', 
'fish_pic/lemon_5.png'),
('FI00006', 'desc1_6', 'desc2_6',
'desc3_6', 'desc4_6', 'desc5_6',
'fish_pic/black_ghost_1.jpg', 'fish_pic/black_ghost_2.jpg', 
'fish_pic/black_ghost_3.jfif', 'fish_pic/black_ghost_4.jpg', 
'fish_pic/black_ghost_5.jpg'),
('FI00007', 'desc1_7', 'desc2_7',
'desc3_7', 'desc4_7', 'desc5_7',
'fish_pic/discus_1.jpg', 'fish_pic/discus_2.jpg', 
'fish_pic/discus_3.jpg', 'fish_pic/discus_4.jfif', 
'fish_pic/discus_5.jpg'),
('FI00008', 'desc1_8', 'desc2_8',
'desc3_8', 'desc4_8', 'desc5_8',
'fish_pic/platy_1.jpg', 'fish_pic/platy_2.jfif', 
'fish_pic/platy_3.jpg', 'fish_pic/platy_4.jpg', 
'fish_pic/platy_5.jfif'),
('FI00009', 'desc1_9', 'desc2_9',
'desc3_9', 'desc4_9', 'desc5_9',
'fish_pic/mas_koki_1.jpg', 'fish_pic/mas_koki_2.jfif', 
'fish_pic/mas_koki_3.jfif', 'fish_pic/mas_koki_4.jpg', 
'fish_pic/mas_koki_5.jpg'),
('FI00010', 'desc1_10', 'desc2_10',
'desc3_10', 'desc4_10', 'desc5_10',
'fish_pic/arwana_1.png', 'fish_pic/arwana_2.jpg', 
'fish_pic/arwana_3.jpg', 'fish_pic/arwana_4.jfif', 
'fish_pic/arwana_5.jfif'),
('FI00011', 'desc1_11', 'desc2_11',
'desc3_11', 'desc4_11', 'desc5_11',
'fish_pic/koi_1.jpeg', 'fish_pic/koi_2.jfif', 
'fish_pic/koi_3.jpg', 'fish_pic/koi_4.jfif', 
'fish_pic/koi_5.jpg'),
('FI00012', 'desc1_12', 'desc2_12',
'desc3_12', 'desc4_12', 'desc5_12',
'fish_pic/louhan_1.jpg', 'fish_pic/louhan_2.jfif', 
'fish_pic/louhan_3.jfif', 'fish_pic/louhan_4.jfif', 
'fish_pic/louhan_5.jpg'),
('FI00013', 'desc1_13', 'desc2_13',
'desc3_13', 'desc4_13', 'desc5_13',
'sw_fish_pic/botana_blue_1.jpg', 'sw_fish_pic/botana_blue_2.jpg', 
'sw_fish_pic/botana_blue_3.jfif', 'sw_fish_pic/botana_blue_4.jpg', 
'sw_fish_pic/botana_blue_5.jfif'),
('FI00014', 'desc1_14', 'desc2_14',
'desc3_14', 'desc4_14', 'desc5_14',
'sw_fish_pic/butterfly_1.jpg', 'sw_fish_pic/butterfly_2.jpg', 
'sw_fish_pic/butterfly_3.jpg', 'sw_fish_pic/butterfly_4.jfif', 
'sw_fish_pic/butterfly_5.jpg'),
('FI00015', 'desc1_15', 'desc2_15',
'desc3_15', 'desc4_15', 'desc5_15',
'sw_fish_pic/angelfish_1.jpg', 'sw_fish_pic/angelfish_2.jpg', 
'sw_fish_pic/angelfish_3.jpg', 'sw_fish_pic/angelfish_4.jfif', 
'sw_fish_pic/angelfish_5.jpg'),
('FI00016', 'desc1_16', 'desc2_16',
'desc3_16', 'desc4_16', 'desc5_16',
'sw_fish_pic/nemo_1.jpg', 'sw_fish_pic/nemo_2.jpg', 
'sw_fish_pic/nemo_3.jfif', 'sw_fish_pic/nemo_4.jfif', 
'sw_fish_pic/nemo_5.jfif'),
('FI00017', 'desc1_17', 'desc2_17',
'desc3_17', 'desc4_17', 'desc5_17',
'sw_fish_pic/lionfish_1.jpg', 'sw_fish_pic/lionfish_2.jpg', 
'sw_fish_pic/lionfish_3.jfif', 'sw_fish_pic/lionfish_4.jfif', 
'sw_fish_pic/lionfish_5.jfif'),
('FI00018', 'desc1_18', 'desc2_18',
'desc3_18', 'desc4_18', 'desc5_18',
'sw_fish_pic/kakatua_1.jpg', 'sw_fish_pic/kakatua_2.jpg', 
'sw_fish_pic/kakatua_3.jfif', 'sw_fish_pic/kakatua_4.jfif', 
'sw_fish_pic/kakatua_5.jfif');

-- INSERT INTO voucher VALUES
-- -- ('Id_Voucher', 'Code_Voucher', 'Price Discount'),
-- (1, 'cekdiskon1', '2500');

INSERT INTO payment_db VALUES   
(1, 'Virtual Account', 'Gopay' , '082198674562', 'Aquafish Marketplace'),
(2, 'Virtual Account', 'Ovo' , '082198674562', 'Aquafish Marketplace'),
(3, 'Gerai Minimarket', 'Indomaret' , '9077082198674562', 'Aquafish Marketplace'),
(4, 'Gerai Minimarket', 'Alfamart' , '9078082198674562', 'Aquafish Marketplace'),
(5, 'Transfer Bank', 'Bank Mandiri' , '7228921875', 'Aquafish Marketplace'),
(6, 'Transfer Bank', 'Bank BCA' , '8561756283', 'Aquafish Marketplace'),
(7, 'Transfer Bank', 'Bank BNI' , '3452059836', 'Aquafish Marketplace'),
(8, 'Transfer Bank', 'Bank BRI' , '5567201784', 'Aquafish Marketplace');